path,size_bytes,sha256
.gitattributes,59,a439f1e8bdbc52a768999c509b7461bcaadc8f196d0875e4a18228bc0e1fd57c
docs/module_4/ACHIEVEMENTS.md,4082,34b230e5c5165f965ef6bcda2e4df750301a2396727eaf673e7e3664fd754a08
docs/module_4/ARCHITECTURE.md,2943,236728508936ab42d090bd81b0e6cf54525bccd3ecd10ca3563cfb4f44e2a90d
docs/module_4/ARTIFACTS.md,1772,101fb3c990a9b8e35b0d1c88d8bf502ec439e2f6bb8806d1d4eb2bb7301b1b72
docs/module_4/EVALUATION.md,4354,c2c666203a7418e250f7bd6cd292df59204e39da14df155cc2697c950cafe96e
docs/module_4/GITHUB_UPLOAD_CHECKLIST.md,1916,fef84bbcd54486baf9b34e7566f0cb620ace48c72613a955da279fcf635d9607
docs/module_4/GIT_INTEGRATION.md,825,3876779ce1204fef3179ec83bc8db07cc74201886df4d1a5c1eb8405d29c117e
docs/module_4/LIMITATIONS.md,3213,8421b3f605c4396c649d38c3483e7fa564fe6828d24e6dd2c556877a99d681ba
docs/module_4/MODULE4_CHANGELOG.md,887,8d605badae3177a7113fa164c5047551ffdb8359e9695492189835993ff2e2ac
docs/module_4/NOTEBOOK_CLEANUP_REPORT.md,3544,282d75eee208c98f353cbc5f08f5a4505a8f72680362c1e0a2e25a481f415eb7
docs/module_4/PACKAGE_SUMMARY.md,1577,bc754eb9cf0d5916255eab605ac02c83a36a86d31c315230a1c71169af53f586
docs/module_4/REPRODUCIBILITY.md,3573,2fec188c70f9a61894990bb3ae608c103156ae34eee947bde2d53cdbead4fe4c
docs/module_4/RESULTS.md,4554,463b5a89341ac279b8c05a4bac8035a2ef4daf7d8865f6b7563f825a143420af
notebooks/module_4/20_rag_mcp_hybrid.ipynb,3821159,a385f446d59bd8d77daeead8b4873105d4807a7de2818449be0d668f1c9f7e2e
requirements/module_4_analysis.txt,53,bdc96bbdaeb821d6863dbff1a8c42c4cc4e1fc3d2aee5bac8328c31037b89c28
requirements/module_4_runtime.txt,489,9ff94c63bb8dbdaf91f01b788e74af844e79e6e45fdb1b7ae4067a43d9b2545f
results/module_4/README.md,2388,97e344857ab516100c50f579bb76034a075d0b5d434e67f64ba8bf7df80a5a0f
results/module_4/final_analysis/cell12d_analysis_manifest.json,1427,982d2ee631e3db8772859d8ce685636cc5b9a9d85cdaaa13f0d9a6645dff9b71
results/module_4/final_analysis/cell12d_common_set_quality.png,52239,8ebdc641ac6d4b16e9fb5609d23212c92c3e3a516a12691886261476c7d21907
results/module_4/final_analysis/cell12d_common_set_quality_summary.csv,314,ffe4d9c4689ffc8062bcd39afadd832a683a46a1249bcee9e57c41b19cc442a4
results/module_4/final_analysis/cell12d_domain_quality_summary.csv,1556,f2d3d7a289940f67faa249defbad4dd1fe0f66acc3f660442d12de841eab97e6
results/module_4/final_analysis/cell12d_evaluation_coverage.csv,189,d3becf123c5877659a475e2f73e79882f0c53e688efd09c7b1fd799dba57a57a
results/module_4/final_analysis/cell12d_generator_validation_effect.csv,309,751c086009fb60bd2706e4bb9841d4f68714eba32db3cbda99030f7e5df12fe4
results/module_4/final_analysis/cell12d_q16_negative_control.csv,322,22ed6db90ad87497943674fb7fcf7d5ccb8547e945b7db56fa9eda9f5d96282e
results/module_4/final_analysis/cell12d_quality_dimension_summary.csv,487,c85647c9ce022f6871843efed2f827522e98dc3c38e51cf16d4317e72f3c004b
results/module_4/final_analysis/cell12d_quality_dimensions.png,116952,c90929a473b91899dab079f38dd750cffae91dd06a4fbf0587548b1d14bf698f
results/module_4/final_analysis/cell12d_question_quality_matrix.csv,355,9937673d87c34e0d5db9595f4ebf6416c47d1b8fc519d4709eb7596dfddfb17b
results/module_4/final_analysis/cell12d_reliability_summary.csv,265,f44a53a09e44cf6ad9280066efc8657866bc97ef9d458538053c0082ddf53406
results/module_4/final_analysis/cell13_benchmark_group_summary.csv,605,70170883a6bbeb0f4cd39039c541d1247ea1b5cc62ea253fa77d42c8d41e053f
results/module_4/final_analysis/cell13_case_summary.csv,7715,85cc44bfffb6cdfe9418d6fa5008fc4d65b591f1094b8ab85220a2818feff71b
results/module_4/final_analysis/cell13_final_metrics.json,1961,d9d648f54f7da56879857004b7b475e5c5b1f700f47fa267462972c5e4d094e5
results/module_4/final_analysis/cell13_generation_reliability_quality.csv,413,130b4a37b7f97f8c3a7b0a36a113407103cf257c90b8061e72e157e00dfe95e9
results/module_4/final_analysis/cell13_integrated_case_level_results.csv,31887,fd736837c156676dd6b965a156eb5a593c0cae58737840c1b022d9628b5a3422
results/module_4/final_analysis/cell13_mean_latency.png,47327,34d4f2c6267145a29fa0580d7afd54b637e28ff07d1aadec563cc6ffe6076aa6
results/module_4/final_analysis/cell13_mean_quality.png,41917,edf292467235762ad47de2aaf92e8de0e76b688a89b8032a440f1a485fa4ae3f
results/module_4/final_analysis/cell13_model_scorecard.csv,1308,6cf4c2083e7e9811bdc2ca343973d4e871924f5548a46b22199c2d66f9f9ac69
results/module_4/final_analysis/cell13_q16_integrated_analysis.csv,540,4a9a673e4fee58bb9d32158ea927cb1fb6948633934c28a29cdd355d64813f58
results/module_4/final_analysis/cell13_quality_vs_latency.png,67968,64e35df29e572b08e2ef2aa6cb4816d9f5b9b2d86f0b5ad9dfb00a008a240c14
results/module_4/final_analysis/cell13_retrieval_stop_summary.csv,608,cb7e2c1ce018963bf9e39da977c29b79a054e2435e105b8d5f8a935eea238678
results/module_4/final_analysis/cell13_round_quality_summary.csv,415,36506fa8fbbfdbbd10305862d5c9a47abed24bad5be80ddbebc479d6feebaf48
results/module_4/final_analysis/cell13_route_distribution.csv,322,5514e1771945a3c08edcd3bc845a3a30f25fe9c42f3b47a246300827107992c1
results/module_4/final_analysis/cell13_route_distribution.png,50784,2ec97f1cdf2e3aa195b69381b282afd583ef75ddd1e585f20d9352e9a91372af
results/module_4/final_analysis/cell13_route_quality_summary.csv,793,42788fa4e7800dc14b15ff562fef11b78c2b8a43b1d1bb540841a78061bb5542
results/module_4/final_analysis/cell13_stress_route_alignment_summary.csv,265,731c40cbd04741c10bde5e1c1a2fe84b543133d93bb1fcfdc8912a5a74deeee8
results/module_4/final_analysis/cell13_stress_route_case_analysis.csv,16871,0ce3671268ac12f8f00f0774390ba2c1b8dc3e400265ce819e03dfc4cdfcc5ea
results/module_4/formal_runs/gemma4/cell9_gemma4_natural_routing_manifest.json,1402,112d4c546983393b80e0e4543f3393dcb80a4d7f3ff983644b647c6ae69640a9
results/module_4/formal_runs/gemma4/cell9_gemma4_natural_routing_results.json,3299808,155508e7e8d927a5c84c23fed14d57028736a8e32c369c4b41a57aa363b81a22
results/module_4/formal_runs/gemma4/cell9_gemma4_natural_routing_summary.csv,2301,0e2f66be2bde4db4964918ad26c809e3526a5ff0bb1960ce6bc2baace29eaf71
results/module_4/formal_runs/granite_judge/cell12b_granite_judge_rubric_validation.json,11079,1cc2711c002947981d276e6ad74c3938dc23cd448639beecbbffa22f6f7c0bec
results/module_4/formal_runs/granite_judge/cell12b_granite_judge_rubric_validation_summary.csv,768,bd17e04ddf0860c6dd67bd1c9cdd638c4cd3bf610cd3ceb71bf4249b1b4e2f06
results/module_4/formal_runs/granite_judge/cell12c_granite_independent_evaluation_failures.json,1078,1c93bc4f7fc1d31928c9fd4a6b6ea459d47f74dd9c39b50d540ef6a47df02069
results/module_4/formal_runs/granite_judge/cell12c_granite_independent_evaluation_manifest.json,2357,19ff0f06982b73e59e3bc41b3c63e9351c8f460f4f6cee1e2889abd79caaa0c8
results/module_4/formal_runs/granite_judge/cell12c_granite_independent_evaluation_results.json,926732,ea4fc12e6259da0d0957826adf2b896eeff45096b578197912edd5ea7940d1b2
results/module_4/formal_runs/granite_judge/cell12c_granite_independent_evaluation_summary.csv,7799,87b990772a8344c666f0626c484257f09c5bf5dc99a3d6fb0ee8f5e337257cfc
results/module_4/formal_runs/granite_judge/granite_4_2_8b_judge_runtime_manifest.json,1522,69dffb97b2acb39d8b6a78d40ddcce74d076f9bd2a2f988811ca9463ecb5ca1a
results/module_4/formal_runs/qwen35/cell11c_qwen35_9b_natural_routing_manifest.json,1605,e62c31dff160d1741c562a39fb6574a8c65b5f9254089ee336a6a713333ea826
results/module_4/formal_runs/qwen35/cell11c_qwen35_9b_natural_routing_results.json,2272782,6d29bc5fd3e1455613c6255dc8a0c73a49fa0d58cf2adcbcba6109eb2e49eace
results/module_4/formal_runs/qwen35/cell11c_qwen35_9b_natural_routing_summary.csv,2308,d876b59fba8faffbb78744278245152fa4739edf26b17bc0a1aad59b48146d21
results/module_4/formal_runs/qwen38/cell10c_qwen38_27b_natural_routing_manifest.json,1645,a9fbabaf5bf2cc3de14c3a214fb1bd026363ef0c6b859d7efe80b11743a2b61b
results/module_4/formal_runs/qwen38/cell10c_qwen38_27b_natural_routing_results.json,2499958,8d63f6e268fcd9c055b7f80c8de7d8fab4dbe3b0f1e1ed920ee5afd3c11823d3
results/module_4/formal_runs/qwen38/cell10c_qwen38_27b_natural_routing_summary.csv,2321,5fab860013916959964af5f50faaeb34d7a38bd3129b3a3ed8289bf179e9e7c2
results/module_4/frozen_benchmark/module4_experiment_config.json,2004,cd808753bccd0c2ea0f805436e2ee8d230b1943a5ea797df3cde21dd2f6cee79
results/module_4/frozen_benchmark/module4_hybrid_eval_v1.json,14796,954040ab51fab4bf2fd9f53207b4d14b21c0ed1a4b5b3f9551476044a7a0f776
scripts/module_4/validate_module4_notebook.py,3757,c30301f6095a90ba3323e0760e4a68216ed92d38c10c70eca566d7d6847857e8
